date,bitcoin crash,isPartial,window_start,window_end
2015-01-02,0,False,2015-01-02,2015-06-30
2015-01-03,0,False,2015-01-02,2015-06-30
2015-01-04,0,False,2015-01-02,2015-06-30
2015-01-05,0,False,2015-01-02,2015-06-30
2015-01-06,34,False,2015-01-02,2015-06-30
2015-01-07,0,False,2015-01-02,2015-06-30
2015-01-08,0,False,2015-01-02,2015-06-30
2015-01-09,0,False,2015-01-02,2015-06-30
2015-01-10,0,False,2015-01-02,2015-06-30
2015-01-11,0,False,2015-01-02,2015-06-30
2015-01-12,0,False,2015-01-02,2015-06-30
2015-01-13,64,False,2015-01-02,2015-06-30
2015-01-14,97,False,2015-01-02,2015-06-30
2015-01-15,0,False,2015-01-02,2015-06-30
2015-01-16,0,False,2015-01-02,2015-06-30
2015-01-17,0,False,2015-01-02,2015-06-30
2015-01-18,37,False,2015-01-02,2015-06-30
2015-01-19,0,False,2015-01-02,2015-06-30
2015-01-20,32,False,2015-01-02,2015-06-30
2015-01-21,0,False,2015-01-02,2015-06-30
2015-01-22,0,False,2015-01-02,2015-06-30
2015-01-23,0,False,2015-01-02,2015-06-30
2015-01-24,0,False,2015-01-02,2015-06-30
2015-01-25,0,False,2015-01-02,2015-06-30
2015-01-26,0,False,2015-01-02,2015-06-30
2015-01-27,0,False,2015-01-02,2015-06-30
2015-01-28,32,False,2015-01-02,2015-06-30
2015-01-29,0,False,2015-01-02,2015-06-30
2015-01-30,0,False,2015-01-02,2015-06-30
2015-01-31,0,False,2015-01-02,2015-06-30
2015-02-01,0,False,2015-01-02,2015-06-30
2015-02-02,0,False,2015-01-02,2015-06-30
2015-02-03,0,False,2015-01-02,2015-06-30
2015-02-04,0,False,2015-01-02,2015-06-30
2015-02-05,0,False,2015-01-02,2015-06-30
2015-02-06,0,False,2015-01-02,2015-06-30
2015-02-07,0,False,2015-01-02,2015-06-30
2015-02-08,0,False,2015-01-02,2015-06-30
2015-02-09,0,False,2015-01-02,2015-06-30
2015-02-10,0,False,2015-01-02,2015-06-30
2015-02-11,0,False,2015-01-02,2015-06-30
2015-02-12,33,False,2015-01-02,2015-06-30
2015-02-13,34,False,2015-01-02,2015-06-30
2015-02-14,76,False,2015-01-02,2015-06-30
2015-02-15,0,False,2015-01-02,2015-06-30
2015-02-16,33,False,2015-01-02,2015-06-30
2015-02-17,0,False,2015-01-02,2015-06-30
2015-02-18,32,False,2015-01-02,2015-06-30
2015-02-19,0,False,2015-01-02,2015-06-30
2015-02-20,100,False,2015-01-02,2015-06-30
2015-02-21,0,False,2015-01-02,2015-06-30
2015-02-22,0,False,2015-01-02,2015-06-30
2015-02-23,0,False,2015-01-02,2015-06-30
2015-02-24,32,False,2015-01-02,2015-06-30
2015-02-25,0,False,2015-01-02,2015-06-30
2015-02-26,0,False,2015-01-02,2015-06-30
2015-02-27,0,False,2015-01-02,2015-06-30
2015-02-28,0,False,2015-01-02,2015-06-30
2015-03-01,0,False,2015-01-02,2015-06-30
2015-03-02,0,False,2015-01-02,2015-06-30
2015-03-03,0,False,2015-01-02,2015-06-30
2015-03-04,0,False,2015-01-02,2015-06-30
2015-03-05,0,False,2015-01-02,2015-06-30
2015-03-06,0,False,2015-01-02,2015-06-30
2015-03-07,0,False,2015-01-02,2015-06-30
2015-03-08,0,False,2015-01-02,2015-06-30
2015-03-09,0,False,2015-01-02,2015-06-30
2015-03-10,0,False,2015-01-02,2015-06-30
2015-03-11,0,False,2015-01-02,2015-06-30
2015-03-12,32,False,2015-01-02,2015-06-30
2015-03-13,0,False,2015-01-02,2015-06-30
2015-03-14,0,False,2015-01-02,2015-06-30
2015-03-15,0,False,2015-01-02,2015-06-30
2015-03-16,0,False,2015-01-02,2015-06-30
2015-03-17,0,False,2015-01-02,2015-06-30
2015-03-18,0,False,2015-01-02,2015-06-30
2015-03-19,0,False,2015-01-02,2015-06-30
2015-03-20,33,False,2015-01-02,2015-06-30
2015-03-21,0,False,2015-01-02,2015-06-30
2015-03-22,0,False,2015-01-02,2015-06-30
2015-03-23,31,False,2015-01-02,2015-06-30
2015-03-24,31,False,2015-01-02,2015-06-30
2015-03-25,0,False,2015-01-02,2015-06-30
2015-03-26,0,False,2015-01-02,2015-06-30
2015-03-27,0,False,2015-01-02,2015-06-30
2015-03-28,0,False,2015-01-02,2015-06-30
2015-03-29,0,False,2015-01-02,2015-06-30
2015-03-30,0,False,2015-01-02,2015-06-30
2015-03-31,0,False,2015-01-02,2015-06-30
2015-04-01,0,False,2015-01-02,2015-06-30
2015-04-02,0,False,2015-01-02,2015-06-30
2015-04-03,0,False,2015-01-02,2015-06-30
2015-04-04,0,False,2015-01-02,2015-06-30
2015-04-05,0,False,2015-01-02,2015-06-30
2015-04-06,0,False,2015-01-02,2015-06-30
2015-04-07,0,False,2015-01-02,2015-06-30
2015-04-08,0,False,2015-01-02,2015-06-30
2015-04-09,0,False,2015-01-02,2015-06-30
2015-04-10,0,False,2015-01-02,2015-06-30
2015-04-11,0,False,2015-01-02,2015-06-30
2015-04-12,75,False,2015-01-02,2015-06-30
2015-04-13,0,False,2015-01-02,2015-06-30
2015-04-14,0,False,2015-01-02,2015-06-30
2015-04-15,0,False,2015-01-02,2015-06-30
2015-04-16,32,False,2015-01-02,2015-06-30
2015-04-17,67,False,2015-01-02,2015-06-30
2015-04-18,0,False,2015-01-02,2015-06-30
2015-04-19,0,False,2015-01-02,2015-06-30
2015-04-20,31,False,2015-01-02,2015-06-30
2015-04-21,0,False,2015-01-02,2015-06-30
2015-04-22,0,False,2015-01-02,2015-06-30
2015-04-23,33,False,2015-01-02,2015-06-30
2015-04-24,0,False,2015-01-02,2015-06-30
2015-04-25,0,False,2015-01-02,2015-06-30
2015-04-26,37,False,2015-01-02,2015-06-30
2015-04-27,0,False,2015-01-02,2015-06-30
2015-04-28,0,False,2015-01-02,2015-06-30
2015-04-29,0,False,2015-01-02,2015-06-30
2015-04-30,0,False,2015-01-02,2015-06-30
2015-05-01,0,False,2015-01-02,2015-06-30
2015-05-02,0,False,2015-01-02,2015-06-30
2015-05-03,0,False,2015-01-02,2015-06-30
2015-05-04,0,False,2015-01-02,2015-06-30
2015-05-05,0,False,2015-01-02,2015-06-30
2015-05-06,0,False,2015-01-02,2015-06-30
2015-05-07,0,False,2015-01-02,2015-06-30
2015-05-08,0,False,2015-01-02,2015-06-30
2015-05-09,0,False,2015-01-02,2015-06-30
2015-05-10,0,False,2015-01-02,2015-06-30
2015-05-11,0,False,2015-01-02,2015-06-30
2015-05-12,0,False,2015-01-02,2015-06-30
2015-05-13,0,False,2015-01-02,2015-06-30
2015-05-14,0,False,2015-01-02,2015-06-30
2015-05-15,0,False,2015-01-02,2015-06-30
2015-05-16,0,False,2015-01-02,2015-06-30
2015-05-17,0,False,2015-01-02,2015-06-30
2015-05-18,0,False,2015-01-02,2015-06-30
2015-05-19,0,False,2015-01-02,2015-06-30
2015-05-20,0,False,2015-01-02,2015-06-30
2015-05-21,0,False,2015-01-02,2015-06-30
2015-05-22,0,False,2015-01-02,2015-06-30
2015-05-23,0,False,2015-01-02,2015-06-30
2015-05-24,0,False,2015-01-02,2015-06-30
2015-05-25,0,False,2015-01-02,2015-06-30
2015-05-26,0,False,2015-01-02,2015-06-30
2015-05-27,0,False,2015-01-02,2015-06-30
2015-05-28,0,False,2015-01-02,2015-06-30
2015-05-29,0,False,2015-01-02,2015-06-30
2015-05-30,0,False,2015-01-02,2015-06-30
2015-05-31,0,False,2015-01-02,2015-06-30
2015-06-01,0,False,2015-01-02,2015-06-30
2015-06-02,0,False,2015-01-02,2015-06-30
2015-06-03,0,False,2015-01-02,2015-06-30
2015-06-04,0,False,2015-01-02,2015-06-30
2015-06-05,0,False,2015-01-02,2015-06-30
2015-06-06,0,False,2015-01-02,2015-06-30
2015-06-07,38,False,2015-01-02,2015-06-30
2015-06-08,0,False,2015-01-02,2015-06-30
2015-06-09,0,False,2015-01-02,2015-06-30
2015-06-10,32,False,2015-01-02,2015-06-30
2015-06-11,0,False,2015-01-02,2015-06-30
2015-06-12,33,False,2015-01-02,2015-06-30
2015-06-13,38,False,2015-01-02,2015-06-30
2015-06-14,0,False,2015-01-02,2015-06-30
2015-06-15,0,False,2015-01-02,2015-06-30
2015-06-16,0,False,2015-01-02,2015-06-30
2015-06-17,0,False,2015-01-02,2015-06-30
2015-06-18,0,False,2015-01-02,2015-06-30
2015-06-19,0,False,2015-01-02,2015-06-30
2015-06-20,0,False,2015-01-02,2015-06-30
2015-06-21,0,False,2015-01-02,2015-06-30
2015-06-22,0,False,2015-01-02,2015-06-30
2015-06-23,0,False,2015-01-02,2015-06-30
2015-06-24,0,False,2015-01-02,2015-06-30
2015-06-25,0,False,2015-01-02,2015-06-30
2015-06-26,0,False,2015-01-02,2015-06-30
2015-06-27,0,False,2015-01-02,2015-06-30
2015-06-28,0,False,2015-01-02,2015-06-30
2015-06-29,0,False,2015-01-02,2015-06-30
2015-06-30,31,False,2015-01-02,2015-06-30
2015-01-03,0,False,2015-01-03,2015-07-01
2015-01-04,0,False,2015-01-03,2015-07-01
2015-01-05,0,False,2015-01-03,2015-07-01
2015-01-06,26,False,2015-01-03,2015-07-01
2015-01-07,0,False,2015-01-03,2015-07-01
2015-01-08,0,False,2015-01-03,2015-07-01
2015-01-09,0,False,2015-01-03,2015-07-01
2015-01-10,0,False,2015-01-03,2015-07-01
2015-01-11,0,False,2015-01-03,2015-07-01
2015-01-12,0,False,2015-01-03,2015-07-01
2015-01-13,0,False,2015-01-03,2015-07-01
2015-01-14,100,False,2015-01-03,2015-07-01
2015-01-15,50,False,2015-01-03,2015-07-01
2015-01-16,0,False,2015-01-03,2015-07-01
2015-01-17,0,False,2015-01-03,2015-07-01
2015-01-18,0,False,2015-01-03,2015-07-01
2015-01-19,0,False,2015-01-03,2015-07-01
2015-01-20,0,False,2015-01-03,2015-07-01
2015-01-21,0,False,2015-01-03,2015-07-01
2015-01-22,0,False,2015-01-03,2015-07-01
2015-01-23,26,False,2015-01-03,2015-07-01
2015-01-24,0,False,2015-01-03,2015-07-01
2015-01-25,0,False,2015-01-03,2015-07-01
2015-01-26,0,False,2015-01-03,2015-07-01
2015-01-27,25,False,2015-01-03,2015-07-01
2015-01-28,0,False,2015-01-03,2015-07-01
2015-01-29,25,False,2015-01-03,2015-07-01
2015-01-30,0,False,2015-01-03,2015-07-01
2015-01-31,29,False,2015-01-03,2015-07-01
2015-02-01,0,False,2015-01-03,2015-07-01
2015-02-02,25,False,2015-01-03,2015-07-01
2015-02-03,0,False,2015-01-03,2015-07-01
2015-02-04,0,False,2015-01-03,2015-07-01
2015-02-05,25,False,2015-01-03,2015-07-01
2015-02-06,0,False,2015-01-03,2015-07-01
2015-02-07,0,False,2015-01-03,2015-07-01
2015-02-08,0,False,2015-01-03,2015-07-01
2015-02-09,0,False,2015-01-03,2015-07-01
2015-02-10,24,False,2015-01-03,2015-07-01
2015-02-11,0,False,2015-01-03,2015-07-01
2015-02-12,0,False,2015-01-03,2015-07-01
2015-02-13,26,False,2015-01-03,2015-07-01
2015-02-14,0,False,2015-01-03,2015-07-01
2015-02-15,0,False,2015-01-03,2015-07-01
2015-02-16,0,False,2015-01-03,2015-07-01
2015-02-17,0,False,2015-01-03,2015-07-01
2015-02-18,0,False,2015-01-03,2015-07-01
2015-02-19,0,False,2015-01-03,2015-07-01
2015-02-20,52,False,2015-01-03,2015-07-01
2015-02-21,0,False,2015-01-03,2015-07-01
2015-02-22,0,False,2015-01-03,2015-07-01
2015-02-23,0,False,2015-01-03,2015-07-01
2015-02-24,24,False,2015-01-03,2015-07-01
2015-02-25,0,False,2015-01-03,2015-07-01
2015-02-26,0,False,2015-01-03,2015-07-01
2015-02-27,26,False,2015-01-03,2015-07-01
2015-02-28,0,False,2015-01-03,2015-07-01
2015-03-01,0,False,2015-01-03,2015-07-01
2015-03-02,0,False,2015-01-03,2015-07-01
2015-03-03,0,False,2015-01-03,2015-07-01
2015-03-04,0,False,2015-01-03,2015-07-01
2015-03-05,0,False,2015-01-03,2015-07-01
2015-03-06,0,False,2015-01-03,2015-07-01
2015-03-07,0,False,2015-01-03,2015-07-01
2015-03-08,0,False,2015-01-03,2015-07-01
2015-03-09,0,False,2015-01-03,2015-07-01
2015-03-10,0,False,2015-01-03,2015-07-01
2015-03-11,0,False,2015-01-03,2015-07-01
2015-03-12,0,False,2015-01-03,2015-07-01
2015-03-13,0,False,2015-01-03,2015-07-01
2015-03-14,29,False,2015-01-03,2015-07-01
2015-03-15,0,False,2015-01-03,2015-07-01
2015-03-16,25,False,2015-01-03,2015-07-01
2015-03-17,0,False,2015-01-03,2015-07-01
2015-03-18,0,False,2015-01-03,2015-07-01
2015-03-19,0,False,2015-01-03,2015-07-01
2015-03-20,0,False,2015-01-03,2015-07-01
2015-03-21,0,False,2015-01-03,2015-07-01
2015-03-22,0,False,2015-01-03,2015-07-01
2015-03-23,25,False,2015-01-03,2015-07-01
2015-03-24,0,False,2015-01-03,2015-07-01
2015-03-25,0,False,2015-01-03,2015-07-01
2015-03-26,0,False,2015-01-03,2015-07-01
2015-03-27,0,False,2015-01-03,2015-07-01
2015-03-28,31,False,2015-01-03,2015-07-01
2015-03-29,0,False,2015-01-03,2015-07-01
2015-03-30,0,False,2015-01-03,2015-07-01
2015-03-31,0,False,2015-01-03,2015-07-01
2015-04-01,0,False,2015-01-03,2015-07-01
2015-04-02,0,False,2015-01-03,2015-07-01
2015-04-03,0,False,2015-01-03,2015-07-01
2015-04-04,0,False,2015-01-03,2015-07-01
2015-04-05,0,False,2015-01-03,2015-07-01
2015-04-06,0,False,2015-01-03,2015-07-01
2015-04-07,0,False,2015-01-03,2015-07-01
2015-04-08,0,False,2015-01-03,2015-07-01
2015-04-09,0,False,2015-01-03,2015-07-01
2015-04-10,0,False,2015-01-03,2015-07-01
2015-04-11,0,False,2015-01-03,2015-07-01
2015-04-12,58,False,2015-01-03,2015-07-01
2015-04-13,0,False,2015-01-03,2015-07-01
2015-04-14,0,False,2015-01-03,2015-07-01
2015-04-15,0,False,2015-01-03,2015-07-01
2015-04-16,0,False,2015-01-03,2015-07-01
2015-04-17,0,False,2015-01-03,2015-07-01
2015-04-18,0,False,2015-01-03,2015-07-01
2015-04-19,0,False,2015-01-03,2015-07-01
2015-04-20,24,False,2015-01-03,2015-07-01
2015-04-21,0,False,2015-01-03,2015-07-01
2015-04-22,25,False,2015-01-03,2015-07-01
2015-04-23,0,False,2015-01-03,2015-07-01
2015-04-24,0,False,2015-01-03,2015-07-01
2015-04-25,0,False,2015-01-03,2015-07-01
2015-04-26,0,False,2015-01-03,2015-07-01
2015-04-27,0,False,2015-01-03,2015-07-01
2015-04-28,0,False,2015-01-03,2015-07-01
2015-04-29,0,False,2015-01-03,2015-07-01
2015-04-30,0,False,2015-01-03,2015-07-01
2015-05-01,0,False,2015-01-03,2015-07-01
2015-05-02,0,False,2015-01-03,2015-07-01
2015-05-03,0,False,2015-01-03,2015-07-01
2015-05-04,0,False,2015-01-03,2015-07-01
2015-05-05,0,False,2015-01-03,2015-07-01
2015-05-06,0,False,2015-01-03,2015-07-01
2015-05-07,0,False,2015-01-03,2015-07-01
2015-05-08,0,False,2015-01-03,2015-07-01
2015-05-09,0,False,2015-01-03,2015-07-01
2015-05-10,0,False,2015-01-03,2015-07-01
2015-05-11,0,False,2015-01-03,2015-07-01
2015-05-12,0,False,2015-01-03,2015-07-01
2015-05-13,0,False,2015-01-03,2015-07-01
2015-05-14,0,False,2015-01-03,2015-07-01
2015-05-15,0,False,2015-01-03,2015-07-01
2015-05-16,0,False,2015-01-03,2015-07-01
2015-05-17,0,False,2015-01-03,2015-07-01
2015-05-18,0,False,2015-01-03,2015-07-01
2015-05-19,0,False,2015-01-03,2015-07-01
2015-05-20,0,False,2015-01-03,2015-07-01
2015-05-21,0,False,2015-01-03,2015-07-01
2015-05-22,0,False,2015-01-03,2015-07-01
2015-05-23,0,False,2015-01-03,2015-07-01
2015-05-24,0,False,2015-01-03,2015-07-01
2015-05-25,0,False,2015-01-03,2015-07-01
2015-05-26,24,False,2015-01-03,2015-07-01
2015-05-27,0,False,2015-01-03,2015-07-01
2015-05-28,0,False,2015-01-03,2015-07-01
2015-05-29,25,False,2015-01-03,2015-07-01
2015-05-30,0,False,2015-01-03,2015-07-01
2015-05-31,0,False,2015-01-03,2015-07-01
2015-06-01,0,False,2015-01-03,2015-07-01
2015-06-02,0,False,2015-01-03,2015-07-01
2015-06-03,0,False,2015-01-03,2015-07-01
2015-06-04,0,False,2015-01-03,2015-07-01
2015-06-05,0,False,2015-01-03,2015-07-01
2015-06-06,0,False,2015-01-03,2015-07-01
2015-06-07,0,False,2015-01-03,2015-07-01
2015-06-08,0,False,2015-01-03,2015-07-01
2015-06-09,0,False,2015-01-03,2015-07-01
2015-06-10,0,False,2015-01-03,2015-07-01
2015-06-11,0,False,2015-01-03,2015-07-01
2015-06-12,26,False,2015-01-03,2015-07-01
2015-06-13,59,False,2015-01-03,2015-07-01
2015-06-14,0,False,2015-01-03,2015-07-01
2015-06-15,0,False,2015-01-03,2015-07-01
2015-06-16,0,False,2015-01-03,2015-07-01
2015-06-17,0,False,2015-01-03,2015-07-01
2015-06-18,0,False,2015-01-03,2015-07-01
2015-06-19,0,False,2015-01-03,2015-07-01
2015-06-20,0,False,2015-01-03,2015-07-01
2015-06-21,0,False,2015-01-03,2015-07-01
2015-06-22,24,False,2015-01-03,2015-07-01
2015-06-23,0,False,2015-01-03,2015-07-01
2015-06-24,0,False,2015-01-03,2015-07-01
2015-06-25,0,False,2015-01-03,2015-07-01
2015-06-26,0,False,2015-01-03,2015-07-01
2015-06-27,0,False,2015-01-03,2015-07-01
2015-06-28,0,False,2015-01-03,2015-07-01
2015-06-29,0,False,2015-01-03,2015-07-01
2015-06-30,0,False,2015-01-03,2015-07-01
2015-07-01,0,False,2015-01-03,2015-07-01
2015-01-04,0,False,2015-01-04,2015-07-02
2015-01-05,0,False,2015-01-04,2015-07-02
2015-01-06,26,False,2015-01-04,2015-07-02
2015-01-07,25,False,2015-01-04,2015-07-02
2015-01-08,0,False,2015-01-04,2015-07-02
2015-01-09,0,False,2015-01-04,2015-07-02
2015-01-10,30,False,2015-01-04,2015-07-02
2015-01-11,29,False,2015-01-04,2015-07-02
2015-01-12,25,False,2015-01-04,2015-07-02
2015-01-13,0,False,2015-01-04,2015-07-02
2015-01-14,100,False,2015-01-04,2015-07-02
2015-01-15,25,False,2015-01-04,2015-07-02
2015-01-16,0,False,2015-01-04,2015-07-02
2015-01-17,0,False,2015-01-04,2015-07-02
2015-01-18,29,False,2015-01-04,2015-07-02
2015-01-19,0,False,2015-01-04,2015-07-02
2015-01-20,25,False,2015-01-04,2015-07-02
2015-01-21,25,False,2015-01-04,2015-07-02
2015-01-22,0,False,2015-01-04,2015-07-02
2015-01-23,0,False,2015-01-04,2015-07-02
2015-01-24,0,False,2015-01-04,2015-07-02
2015-01-25,0,False,2015-01-04,2015-07-02
2015-01-26,0,False,2015-01-04,2015-07-02
2015-01-27,0,False,2015-01-04,2015-07-02
2015-01-28,0,False,2015-01-04,2015-07-02
2015-01-29,0,False,2015-01-04,2015-07-02
2015-01-30,0,False,2015-01-04,2015-07-02
2015-01-31,0,False,2015-01-04,2015-07-02
2015-02-01,0,False,2015-01-04,2015-07-02
2015-02-02,0,False,2015-01-04,2015-07-02
2015-02-03,0,False,2015-01-04,2015-07-02
2015-02-04,0,False,2015-01-04,2015-07-02
2015-02-05,0,False,2015-01-04,2015-07-02
2015-02-06,0,False,2015-01-04,2015-07-02
2015-02-07,0,False,2015-01-04,2015-07-02
2015-02-08,0,False,2015-01-04,2015-07-02
2015-02-09,0,False,2015-01-04,2015-07-02
2015-02-10,24,False,2015-01-04,2015-07-02
2015-02-11,0,False,2015-01-04,2015-07-02
2015-02-12,0,False,2015-01-04,2015-07-02
2015-02-13,0,False,2015-01-04,2015-07-02
2015-02-14,0,False,2015-01-04,2015-07-02
2015-02-15,0,False,2015-01-04,2015-07-02
2015-02-16,0,False,2015-01-04,2015-07-02
2015-02-17,0,False,2015-01-04,2015-07-02
2015-02-18,25,False,2015-01-04,2015-07-02
2015-02-19,0,False,2015-01-04,2015-07-02
2015-02-20,0,False,2015-01-04,2015-07-02
2015-02-21,0,False,2015-01-04,2015-07-02
2015-02-22,0,False,2015-01-04,2015-07-02
2015-02-23,24,False,2015-01-04,2015-07-02
2015-02-24,0,False,2015-01-04,2015-07-02
2015-02-25,0,False,2015-01-04,2015-07-02
2015-02-26,0,False,2015-01-04,2015-07-02
2015-02-27,0,False,2015-01-04,2015-07-02
2015-02-28,0,False,2015-01-04,2015-07-02
2015-03-01,0,False,2015-01-04,2015-07-02
2015-03-02,0,False,2015-01-04,2015-07-02
2015-03-03,0,False,2015-01-04,2015-07-02
2015-03-04,0,False,2015-01-04,2015-07-02
2015-03-05,0,False,2015-01-04,2015-07-02
2015-03-06,0,False,2015-01-04,2015-07-02
2015-03-07,0,False,2015-01-04,2015-07-02
2015-03-08,0,False,2015-01-04,2015-07-02
2015-03-09,24,False,2015-01-04,2015-07-02
2015-03-10,0,False,2015-01-04,2015-07-02
2015-03-11,0,False,2015-01-04,2015-07-02
2015-03-12,24,False,2015-01-04,2015-07-02
2015-03-13,26,False,2015-01-04,2015-07-02
2015-03-14,0,False,2015-01-04,2015-07-02
2015-03-15,0,False,2015-01-04,2015-07-02
2015-03-16,0,False,2015-01-04,2015-07-02
2015-03-17,0,False,2015-01-04,2015-07-02
2015-03-18,0,False,2015-01-04,2015-07-02
2015-03-19,0,False,2015-01-04,2015-07-02
2015-03-20,0,False,2015-01-04,2015-07-02
2015-03-21,0,False,2015-01-04,2015-07-02
2015-03-22,0,False,2015-01-04,2015-07-02
2015-03-23,0,False,2015-01-04,2015-07-02
2015-03-24,24,False,2015-01-04,2015-07-02
2015-03-25,0,False,2015-01-04,2015-07-02
2015-03-26,0,False,2015-01-04,2015-07-02
2015-03-27,0,False,2015-01-04,2015-07-02
2015-03-28,0,False,2015-01-04,2015-07-02
2015-03-29,0,False,2015-01-04,2015-07-02
2015-03-30,24,False,2015-01-04,2015-07-02
2015-03-31,0,False,2015-01-04,2015-07-02
2015-04-01,0,False,2015-01-04,2015-07-02
2015-04-02,0,False,2015-01-04,2015-07-02
2015-04-03,0,False,2015-01-04,2015-07-02
2015-04-04,0,False,2015-01-04,2015-07-02
2015-04-05,0,False,2015-01-04,2015-07-02
2015-04-06,0,False,2015-01-04,2015-07-02
2015-04-07,0,False,2015-01-04,2015-07-02
2015-04-08,0,False,2015-01-04,2015-07-02
2015-04-09,0,False,2015-01-04,2015-07-02
2015-04-10,0,False,2015-01-04,2015-07-02
2015-04-11,0,False,2015-01-04,2015-07-02
2015-04-12,58,False,2015-01-04,2015-07-02
2015-04-13,0,False,2015-01-04,2015-07-02
2015-04-14,0,False,2015-01-04,2015-07-02
2015-04-15,25,False,2015-01-04,2015-07-02
2015-04-16,0,False,2015-01-04,2015-07-02
2015-04-17,0,False,2015-01-04,2015-07-02
2015-04-18,0,False,2015-01-04,2015-07-02
2015-04-19,0,False,2015-01-04,2015-07-02
2015-04-20,0,False,2015-01-04,2015-07-02
2015-04-21,0,False,2015-01-04,2015-07-02
2015-04-22,24,False,2015-01-04,2015-07-02
2015-04-23,0,False,2015-01-04,2015-07-02
2015-04-24,0,False,2015-01-04,2015-07-02
2015-04-25,0,False,2015-01-04,2015-07-02
2015-04-26,0,False,2015-01-04,2015-07-02
2015-04-27,0,False,2015-01-04,2015-07-02
2015-04-28,0,False,2015-01-04,2015-07-02
2015-04-29,0,False,2015-01-04,2015-07-02
2015-04-30,25,False,2015-01-04,2015-07-02
2015-05-01,0,False,2015-01-04,2015-07-02
2015-05-02,0,False,2015-01-04,2015-07-02
2015-05-03,0,False,2015-01-04,2015-07-02
2015-05-04,0,False,2015-01-04,2015-07-02
2015-05-05,0,False,2015-01-04,2015-07-02
2015-05-06,0,False,2015-01-04,2015-07-02
2015-05-07,0,False,2015-01-04,2015-07-02
2015-05-08,0,False,2015-01-04,2015-07-02
2015-05-09,0,False,2015-01-04,2015-07-02
2015-05-10,0,False,2015-01-04,2015-07-02
2015-05-11,0,False,2015-01-04,2015-07-02
2015-05-12,0,False,2015-01-04,2015-07-02
2015-05-13,0,False,2015-01-04,2015-07-02
2015-05-14,0,False,2015-01-04,2015-07-02
2015-05-15,0,False,2015-01-04,2015-07-02
2015-05-16,0,False,2015-01-04,2015-07-02
2015-05-17,0,False,2015-01-04,2015-07-02
2015-05-18,0,False,2015-01-04,2015-07-02
2015-05-19,0,False,2015-01-04,2015-07-02
2015-05-20,24,False,2015-01-04,2015-07-02
2015-05-21,0,False,2015-01-04,2015-07-02
2015-05-22,0,False,2015-01-04,2015-07-02
2015-05-23,0,False,2015-01-04,2015-07-02
2015-05-24,29,False,2015-01-04,2015-07-02
2015-05-25,0,False,2015-01-04,2015-07-02
2015-05-26,47,False,2015-01-04,2015-07-02
2015-05-27,0,False,2015-01-04,2015-07-02
2015-05-28,0,False,2015-01-04,2015-07-02
2015-05-29,0,False,2015-01-04,2015-07-02
2015-05-30,0,False,2015-01-04,2015-07-02
2015-05-31,0,False,2015-01-04,2015-07-02
2015-06-01,24,False,2015-01-04,2015-07-02
2015-06-02,0,False,2015-01-04,2015-07-02
2015-06-03,0,False,2015-01-04,2015-07-02
2015-06-04,0,False,2015-01-04,2015-07-02
2015-06-05,0,False,2015-01-04,2015-07-02
2015-06-06,0,False,2015-01-04,2015-07-02
2015-06-07,0,False,2015-01-04,2015-07-02
2015-06-08,0,False,2015-01-04,2015-07-02
2015-06-09,0,False,2015-01-04,2015-07-02
2015-06-10,24,False,2015-01-04,2015-07-02
2015-06-11,0,False,2015-01-04,2015-07-02
2015-06-12,26,False,2015-01-04,2015-07-02
2015-06-13,0,False,2015-01-04,2015-07-02
2015-06-14,0,False,2015-01-04,2015-07-02
2015-06-15,0,False,2015-01-04,2015-07-02
2015-06-16,0,False,2015-01-04,2015-07-02
2015-06-17,0,False,2015-01-04,2015-07-02
2015-06-18,0,False,2015-01-04,2015-07-02
2015-06-19,0,False,2015-01-04,2015-07-02
2015-06-20,0,False,2015-01-04,2015-07-02
2015-06-21,0,False,2015-01-04,2015-07-02
2015-06-22,24,False,2015-01-04,2015-07-02
2015-06-23,25,False,2015-01-04,2015-07-02
2015-06-24,0,False,2015-01-04,2015-07-02
2015-06-25,0,False,2015-01-04,2015-07-02
2015-06-26,0,False,2015-01-04,2015-07-02
2015-06-27,0,False,2015-01-04,2015-07-02
2015-06-28,0,False,2015-01-04,2015-07-02
2015-06-29,0,False,2015-01-04,2015-07-02
2015-06-30,0,False,2015-01-04,2015-07-02
2015-07-01,0,False,2015-01-04,2015-07-02
2015-07-02,0,False,2015-01-04,2015-07-02
2015-01-05,0,False,2015-01-05,2015-07-03
2015-01-06,0,False,2015-01-05,2015-07-03
2015-01-07,0,False,2015-01-05,2015-07-03
2015-01-08,0,False,2015-01-05,2015-07-03
2015-01-09,0,False,2015-01-05,2015-07-03
2015-01-10,0,False,2015-01-05,2015-07-03
2015-01-11,59,False,2015-01-05,2015-07-03
2015-01-12,0,False,2015-01-05,2015-07-03
2015-01-13,100,False,2015-01-05,2015-07-03
2015-01-14,100,False,2015-01-05,2015-07-03
2015-01-15,0,False,2015-01-05,2015-07-03
2015-01-16,0,False,2015-01-05,2015-07-03
2015-01-17,0,False,2015-01-05,2015-07-03
2015-01-18,58,False,2015-01-05,2015-07-03
2015-01-19,0,False,2015-01-05,2015-07-03
2015-01-20,0,False,2015-01-05,2015-07-03
2015-01-21,50,False,2015-01-05,2015-07-03
2015-01-22,0,False,2015-01-05,2015-07-03
2015-01-23,52,False,2015-01-05,2015-07-03
2015-01-24,0,False,2015-01-05,2015-07-03
2015-01-25,0,False,2015-01-05,2015-07-03
2015-01-26,0,False,2015-01-05,2015-07-03
2015-01-27,49,False,2015-01-05,2015-07-03
2015-01-28,49,False,2015-01-05,2015-07-03
2015-01-29,50,False,2015-01-05,2015-07-03
2015-01-30,0,False,2015-01-05,2015-07-03
2015-01-31,0,False,2015-01-05,2015-07-03
2015-02-01,0,False,2015-01-05,2015-07-03
2015-02-02,0,False,2015-01-05,2015-07-03
2015-02-03,0,False,2015-01-05,2015-07-03
2015-02-04,0,False,2015-01-05,2015-07-03
2015-02-05,0,False,2015-01-05,2015-07-03
2015-02-06,0,False,2015-01-05,2015-07-03
2015-02-07,0,False,2015-01-05,2015-07-03
2015-02-08,0,False,2015-01-05,2015-07-03
2015-02-09,0,False,2015-01-05,2015-07-03
2015-02-10,49,False,2015-01-05,2015-07-03
2015-02-11,0,False,2015-01-05,2015-07-03
2015-02-12,0,False,2015-01-05,2015-07-03
2015-02-13,52,False,2015-01-05,2015-07-03
2015-02-14,59,False,2015-01-05,2015-07-03
2015-02-15,0,False,2015-01-05,2015-07-03
2015-02-16,0,False,2015-01-05,2015-07-03
2015-02-17,0,False,2015-01-05,2015-07-03
2015-02-18,50,False,2015-01-05,2015-07-03
2015-02-19,0,False,2015-01-05,2015-07-03
2015-02-20,52,False,2015-01-05,2015-07-03
2015-02-21,0,False,2015-01-05,2015-07-03
2015-02-22,0,False,2015-01-05,2015-07-03
2015-02-23,0,False,2015-01-05,2015-07-03
2015-02-24,0,False,2015-01-05,2015-07-03
2015-02-25,0,False,2015-01-05,2015-07-03
2015-02-26,0,False,2015-01-05,2015-07-03
2015-02-27,0,False,2015-01-05,2015-07-03
2015-02-28,0,False,2015-01-05,2015-07-03
2015-03-01,0,False,2015-01-05,2015-07-03
2015-03-02,0,False,2015-01-05,2015-07-03
2015-03-03,0,False,2015-01-05,2015-07-03
2015-03-04,0,False,2015-01-05,2015-07-03
2015-03-05,0,False,2015-01-05,2015-07-03
2015-03-06,0,False,2015-01-05,2015-07-03
2015-03-07,0,False,2015-01-05,2015-07-03
2015-03-08,0,False,2015-01-05,2015-07-03
2015-03-09,49,False,2015-01-05,2015-07-03
2015-03-10,0,False,2015-01-05,2015-07-03
2015-03-11,0,False,2015-01-05,2015-07-03
2015-03-12,0,False,2015-01-05,2015-07-03
2015-03-13,52,False,2015-01-05,2015-07-03
2015-03-14,0,False,2015-01-05,2015-07-03
2015-03-15,0,False,2015-01-05,2015-07-03
2015-03-16,98,False,2015-01-05,2015-07-03
2015-03-17,0,False,2015-01-05,2015-07-03
2015-03-18,0,False,2015-01-05,2015-07-03
2015-03-19,49,False,2015-01-05,2015-07-03
2015-03-20,0,False,2015-01-05,2015-07-03
2015-03-21,0,False,2015-01-05,2015-07-03
2015-03-22,0,False,2015-01-05,2015-07-03
2015-03-23,0,False,2015-01-05,2015-07-03
2015-03-24,49,False,2015-01-05,2015-07-03
2015-03-25,0,False,2015-01-05,2015-07-03
2015-03-26,0,False,2015-01-05,2015-07-03
2015-03-27,0,False,2015-01-05,2015-07-03
2015-03-28,0,False,2015-01-05,2015-07-03
2015-03-29,0,False,2015-01-05,2015-07-03
2015-03-30,0,False,2015-01-05,2015-07-03
2015-03-31,0,False,2015-01-05,2015-07-03
2015-04-01,0,False,2015-01-05,2015-07-03
2015-04-02,0,False,2015-01-05,2015-07-03
2015-04-03,0,False,2015-01-05,2015-07-03
2015-04-04,0,False,2015-01-05,2015-07-03
2015-04-05,0,False,2015-01-05,2015-07-03
2015-04-06,0,False,2015-01-05,2015-07-03
2015-04-07,0,False,2015-01-05,2015-07-03
2015-04-08,0,False,2015-01-05,2015-07-03
2015-04-09,0,False,2015-01-05,2015-07-03
2015-04-10,0,False,2015-01-05,2015-07-03
2015-04-11,0,False,2015-01-05,2015-07-03
2015-04-12,0,False,2015-01-05,2015-07-03
2015-04-13,0,False,2015-01-05,2015-07-03
2015-04-14,0,False,2015-01-05,2015-07-03
2015-04-15,0,False,2015-01-05,2015-07-03
2015-04-16,49,False,2015-01-05,2015-07-03
2015-04-17,0,False,2015-01-05,2015-07-03
2015-04-18,0,False,2015-01-05,2015-07-03
2015-04-19,0,False,2015-01-05,2015-07-03
2015-04-20,50,False,2015-01-05,2015-07-03
2015-04-21,0,False,2015-01-05,2015-07-03
2015-04-22,0,False,2015-01-05,2015-07-03
2015-04-23,0,False,2015-01-05,2015-07-03
2015-04-24,0,False,2015-01-05,2015-07-03
2015-04-25,0,False,2015-01-05,2015-07-03
2015-04-26,0,False,2015-01-05,2015-07-03
2015-04-27,0,False,2015-01-05,2015-07-03
2015-04-28,0,False,2015-01-05,2015-07-03
2015-04-29,0,False,2015-01-05,2015-07-03
2015-04-30,0,False,2015-01-05,2015-07-03
2015-05-01,0,False,2015-01-05,2015-07-03
2015-05-02,0,False,2015-01-05,2015-07-03
2015-05-03,0,False,2015-01-05,2015-07-03
2015-05-04,0,False,2015-01-05,2015-07-03
2015-05-05,0,False,2015-01-05,2015-07-03
2015-05-06,0,False,2015-01-05,2015-07-03
2015-05-07,0,False,2015-01-05,2015-07-03
2015-05-08,0,False,2015-01-05,2015-07-03
2015-05-09,0,False,2015-01-05,2015-07-03
2015-05-10,0,False,2015-01-05,2015-07-03
2015-05-11,0,False,2015-01-05,2015-07-03
2015-05-12,0,False,2015-01-05,2015-07-03
2015-05-13,0,False,2015-01-05,2015-07-03
2015-05-14,50,False,2015-01-05,2015-07-03
2015-05-15,0,False,2015-01-05,2015-07-03
2015-05-16,0,False,2015-01-05,2015-07-03
2015-05-17,0,False,2015-01-05,2015-07-03
2015-05-18,0,False,2015-01-05,2015-07-03
2015-05-19,0,False,2015-01-05,2015-07-03
2015-05-20,0,False,2015-01-05,2015-07-03
2015-05-21,0,False,2015-01-05,2015-07-03
2015-05-22,0,False,2015-01-05,2015-07-03
2015-05-23,0,False,2015-01-05,2015-07-03
2015-05-24,0,False,2015-01-05,2015-07-03
2015-05-25,0,False,2015-01-05,2015-07-03
2015-05-26,0,False,2015-01-05,2015-07-03
2015-05-27,0,False,2015-01-05,2015-07-03
2015-05-28,0,False,2015-01-05,2015-07-03
2015-05-29,51,False,2015-01-05,2015-07-03
2015-05-30,0,False,2015-01-05,2015-07-03
2015-05-31,59,False,2015-01-05,2015-07-03
2015-06-01,0,False,2015-01-05,2015-07-03
2015-06-02,0,False,2015-01-05,2015-07-03
2015-06-03,0,False,2015-01-05,2015-07-03
2015-06-04,0,False,2015-01-05,2015-07-03
2015-06-05,0,False,2015-01-05,2015-07-03
2015-06-06,0,False,2015-01-05,2015-07-03
2015-06-07,0,False,2015-01-05,2015-07-03
2015-06-08,0,False,2015-01-05,2015-07-03
2015-06-09,0,False,2015-01-05,2015-07-03
2015-06-10,49,False,2015-01-05,2015-07-03
2015-06-11,0,False,2015-01-05,2015-07-03
2015-06-12,0,False,2015-01-05,2015-07-03
2015-06-13,59,False,2015-01-05,2015-07-03
2015-06-14,0,False,2015-01-05,2015-07-03
2015-06-15,0,False,2015-01-05,2015-07-03
2015-06-16,0,False,2015-01-05,2015-07-03
2015-06-17,0,False,2015-01-05,2015-07-03
2015-06-18,0,False,2015-01-05,2015-07-03
2015-06-19,0,False,2015-01-05,2015-07-03
2015-06-20,0,False,2015-01-05,2015-07-03
2015-06-21,0,False,2015-01-05,2015-07-03
2015-06-22,98,False,2015-01-05,2015-07-03
2015-06-23,0,False,2015-01-05,2015-07-03
2015-06-24,0,False,2015-01-05,2015-07-03
2015-06-25,0,False,2015-01-05,2015-07-03
2015-06-26,0,False,2015-01-05,2015-07-03
2015-06-27,0,False,2015-01-05,2015-07-03
2015-06-28,0,False,2015-01-05,2015-07-03
2015-06-29,0,False,2015-01-05,2015-07-03
2015-06-30,0,False,2015-01-05,2015-07-03
2015-07-01,0,False,2015-01-05,2015-07-03
2015-07-02,0,False,2015-01-05,2015-07-03
2015-07-03,0,False,2015-01-05,2015-07-03
