date,where to buy bitcoin,isPartial,window_start,window_end
2015-01-02,0,False,2015-01-02,2015-06-30
2015-01-03,0,False,2015-01-02,2015-06-30
2015-01-04,0,False,2015-01-02,2015-06-30
2015-01-05,0,False,2015-01-02,2015-06-30
2015-01-06,0,False,2015-01-02,2015-06-30
2015-01-07,0,False,2015-01-02,2015-06-30
2015-01-08,0,False,2015-01-02,2015-06-30
2015-01-09,0,False,2015-01-02,2015-06-30
2015-01-10,0,False,2015-01-02,2015-06-30
2015-01-11,0,False,2015-01-02,2015-06-30
2015-01-12,0,False,2015-01-02,2015-06-30
2015-01-13,0,False,2015-01-02,2015-06-30
2015-01-14,42,False,2015-01-02,2015-06-30
2015-01-15,43,False,2015-01-02,2015-06-30
2015-01-16,44,False,2015-01-02,2015-06-30
2015-01-17,50,False,2015-01-02,2015-06-30
2015-01-18,0,False,2015-01-02,2015-06-30
2015-01-19,0,False,2015-01-02,2015-06-30
2015-01-20,0,False,2015-01-02,2015-06-30
2015-01-21,0,False,2015-01-02,2015-06-30
2015-01-22,0,False,2015-01-02,2015-06-30
2015-01-23,0,False,2015-01-02,2015-06-30
2015-01-24,0,False,2015-01-02,2015-06-30
2015-01-25,0,False,2015-01-02,2015-06-30
2015-01-26,0,False,2015-01-02,2015-06-30
2015-01-27,0,False,2015-01-02,2015-06-30
2015-01-28,42,False,2015-01-02,2015-06-30
2015-01-29,0,False,2015-01-02,2015-06-30
2015-01-30,0,False,2015-01-02,2015-06-30
2015-01-31,0,False,2015-01-02,2015-06-30
2015-02-01,49,False,2015-01-02,2015-06-30
2015-02-02,0,False,2015-01-02,2015-06-30
2015-02-03,0,False,2015-01-02,2015-06-30
2015-02-04,0,False,2015-01-02,2015-06-30
2015-02-05,0,False,2015-01-02,2015-06-30
2015-02-06,0,False,2015-01-02,2015-06-30
2015-02-07,0,False,2015-01-02,2015-06-30
2015-02-08,49,False,2015-01-02,2015-06-30
2015-02-09,42,False,2015-01-02,2015-06-30
2015-02-10,0,False,2015-01-02,2015-06-30
2015-02-11,0,False,2015-01-02,2015-06-30
2015-02-12,0,False,2015-01-02,2015-06-30
2015-02-13,44,False,2015-01-02,2015-06-30
2015-02-14,0,False,2015-01-02,2015-06-30
2015-02-15,0,False,2015-01-02,2015-06-30
2015-02-16,0,False,2015-01-02,2015-06-30
2015-02-17,43,False,2015-01-02,2015-06-30
2015-02-18,0,False,2015-01-02,2015-06-30
2015-02-19,43,False,2015-01-02,2015-06-30
2015-02-20,0,False,2015-01-02,2015-06-30
2015-02-21,0,False,2015-01-02,2015-06-30
2015-02-22,0,False,2015-01-02,2015-06-30
2015-02-23,0,False,2015-01-02,2015-06-30
2015-02-24,42,False,2015-01-02,2015-06-30
2015-02-25,0,False,2015-01-02,2015-06-30
2015-02-26,0,False,2015-01-02,2015-06-30
2015-02-27,0,False,2015-01-02,2015-06-30
2015-02-28,49,False,2015-01-02,2015-06-30
2015-03-01,0,False,2015-01-02,2015-06-30
2015-03-02,41,False,2015-01-02,2015-06-30
2015-03-03,0,False,2015-01-02,2015-06-30
2015-03-04,41,False,2015-01-02,2015-06-30
2015-03-05,0,False,2015-01-02,2015-06-30
2015-03-06,0,False,2015-01-02,2015-06-30
2015-03-07,0,False,2015-01-02,2015-06-30
2015-03-08,49,False,2015-01-02,2015-06-30
2015-03-09,0,False,2015-01-02,2015-06-30
2015-03-10,0,False,2015-01-02,2015-06-30
2015-03-11,0,False,2015-01-02,2015-06-30
2015-03-12,42,False,2015-01-02,2015-06-30
2015-03-13,0,False,2015-01-02,2015-06-30
2015-03-14,48,False,2015-01-02,2015-06-30
2015-03-15,0,False,2015-01-02,2015-06-30
2015-03-16,0,False,2015-01-02,2015-06-30
2015-03-17,0,False,2015-01-02,2015-06-30
2015-03-18,0,False,2015-01-02,2015-06-30
2015-03-19,0,False,2015-01-02,2015-06-30
2015-03-20,0,False,2015-01-02,2015-06-30
2015-03-21,98,False,2015-01-02,2015-06-30
2015-03-22,0,False,2015-01-02,2015-06-30
2015-03-23,41,False,2015-01-02,2015-06-30
2015-03-24,0,False,2015-01-02,2015-06-30
2015-03-25,0,False,2015-01-02,2015-06-30
2015-03-26,0,False,2015-01-02,2015-06-30
2015-03-27,0,False,2015-01-02,2015-06-30
2015-03-28,52,False,2015-01-02,2015-06-30
2015-03-29,0,False,2015-01-02,2015-06-30
2015-03-30,0,False,2015-01-02,2015-06-30
2015-03-31,42,False,2015-01-02,2015-06-30
2015-04-01,0,False,2015-01-02,2015-06-30
2015-04-02,0,False,2015-01-02,2015-06-30
2015-04-03,0,False,2015-01-02,2015-06-30
2015-04-04,0,False,2015-01-02,2015-06-30
2015-04-05,52,False,2015-01-02,2015-06-30
2015-04-06,0,False,2015-01-02,2015-06-30
2015-04-07,0,False,2015-01-02,2015-06-30
2015-04-08,0,False,2015-01-02,2015-06-30
2015-04-09,0,False,2015-01-02,2015-06-30
2015-04-10,45,False,2015-01-02,2015-06-30
2015-04-11,0,False,2015-01-02,2015-06-30
2015-04-12,49,False,2015-01-02,2015-06-30
2015-04-13,0,False,2015-01-02,2015-06-30
2015-04-14,0,False,2015-01-02,2015-06-30
2015-04-15,42,False,2015-01-02,2015-06-30
2015-04-16,0,False,2015-01-02,2015-06-30
2015-04-17,44,False,2015-01-02,2015-06-30
2015-04-18,0,False,2015-01-02,2015-06-30
2015-04-19,0,False,2015-01-02,2015-06-30
2015-04-20,0,False,2015-01-02,2015-06-30
2015-04-21,0,False,2015-01-02,2015-06-30
2015-04-22,0,False,2015-01-02,2015-06-30
2015-04-23,0,False,2015-01-02,2015-06-30
2015-04-24,43,False,2015-01-02,2015-06-30
2015-04-25,0,False,2015-01-02,2015-06-30
2015-04-26,0,False,2015-01-02,2015-06-30
2015-04-27,0,False,2015-01-02,2015-06-30
2015-04-28,41,False,2015-01-02,2015-06-30
2015-04-29,0,False,2015-01-02,2015-06-30
2015-04-30,0,False,2015-01-02,2015-06-30
2015-05-01,0,False,2015-01-02,2015-06-30
2015-05-02,50,False,2015-01-02,2015-06-30
2015-05-03,0,False,2015-01-02,2015-06-30
2015-05-04,0,False,2015-01-02,2015-06-30
2015-05-05,0,False,2015-01-02,2015-06-30
2015-05-06,0,False,2015-01-02,2015-06-30
2015-05-07,0,False,2015-01-02,2015-06-30
2015-05-08,44,False,2015-01-02,2015-06-30
2015-05-09,100,False,2015-01-02,2015-06-30
2015-05-10,50,False,2015-01-02,2015-06-30
2015-05-11,0,False,2015-01-02,2015-06-30
2015-05-12,0,False,2015-01-02,2015-06-30
2015-05-13,0,False,2015-01-02,2015-06-30
2015-05-14,0,False,2015-01-02,2015-06-30
2015-05-15,0,False,2015-01-02,2015-06-30
2015-05-16,50,False,2015-01-02,2015-06-30
2015-05-17,0,False,2015-01-02,2015-06-30
2015-05-18,0,False,2015-01-02,2015-06-30
2015-05-19,82,False,2015-01-02,2015-06-30
2015-05-20,41,False,2015-01-02,2015-06-30
2015-05-21,0,False,2015-01-02,2015-06-30
2015-05-22,0,False,2015-01-02,2015-06-30
2015-05-23,0,False,2015-01-02,2015-06-30
2015-05-24,0,False,2015-01-02,2015-06-30
2015-05-25,0,False,2015-01-02,2015-06-30
2015-05-26,0,False,2015-01-02,2015-06-30
2015-05-27,0,False,2015-01-02,2015-06-30
2015-05-28,0,False,2015-01-02,2015-06-30
2015-05-29,0,False,2015-01-02,2015-06-30
2015-05-30,50,False,2015-01-02,2015-06-30
2015-05-31,49,False,2015-01-02,2015-06-30
2015-06-01,0,False,2015-01-02,2015-06-30
2015-06-02,0,False,2015-01-02,2015-06-30
2015-06-03,41,False,2015-01-02,2015-06-30
2015-06-04,43,False,2015-01-02,2015-06-30
2015-06-05,0,False,2015-01-02,2015-06-30
2015-06-06,50,False,2015-01-02,2015-06-30
2015-06-07,50,False,2015-01-02,2015-06-30
2015-06-08,0,False,2015-01-02,2015-06-30
2015-06-09,0,False,2015-01-02,2015-06-30
2015-06-10,0,False,2015-01-02,2015-06-30
2015-06-11,0,False,2015-01-02,2015-06-30
2015-06-12,0,False,2015-01-02,2015-06-30
2015-06-13,0,False,2015-01-02,2015-06-30
2015-06-14,0,False,2015-01-02,2015-06-30
2015-06-15,0,False,2015-01-02,2015-06-30
2015-06-16,0,False,2015-01-02,2015-06-30
2015-06-17,41,False,2015-01-02,2015-06-30
2015-06-18,42,False,2015-01-02,2015-06-30
2015-06-19,44,False,2015-01-02,2015-06-30
2015-06-20,0,False,2015-01-02,2015-06-30
2015-06-21,0,False,2015-01-02,2015-06-30
2015-06-22,0,False,2015-01-02,2015-06-30
2015-06-23,0,False,2015-01-02,2015-06-30
2015-06-24,0,False,2015-01-02,2015-06-30
2015-06-25,0,False,2015-01-02,2015-06-30
2015-06-26,0,False,2015-01-02,2015-06-30
2015-06-27,50,False,2015-01-02,2015-06-30
2015-06-28,0,False,2015-01-02,2015-06-30
2015-06-29,0,False,2015-01-02,2015-06-30
2015-06-30,82,False,2015-01-02,2015-06-30
2015-01-03,40,False,2015-01-03,2015-07-01
2015-01-04,0,False,2015-01-03,2015-07-01
2015-01-05,0,False,2015-01-03,2015-07-01
2015-01-06,35,False,2015-01-03,2015-07-01
2015-01-07,0,False,2015-01-03,2015-07-01
2015-01-08,0,False,2015-01-03,2015-07-01
2015-01-09,0,False,2015-01-03,2015-07-01
2015-01-10,0,False,2015-01-03,2015-07-01
2015-01-11,0,False,2015-01-03,2015-07-01
2015-01-12,0,False,2015-01-03,2015-07-01
2015-01-13,0,False,2015-01-03,2015-07-01
2015-01-14,0,False,2015-01-03,2015-07-01
2015-01-15,0,False,2015-01-03,2015-07-01
2015-01-16,0,False,2015-01-03,2015-07-01
2015-01-17,39,False,2015-01-03,2015-07-01
2015-01-18,0,False,2015-01-03,2015-07-01
2015-01-19,0,False,2015-01-03,2015-07-01
2015-01-20,0,False,2015-01-03,2015-07-01
2015-01-21,0,False,2015-01-03,2015-07-01
2015-01-22,34,False,2015-01-03,2015-07-01
2015-01-23,35,False,2015-01-03,2015-07-01
2015-01-24,0,False,2015-01-03,2015-07-01
2015-01-25,0,False,2015-01-03,2015-07-01
2015-01-26,0,False,2015-01-03,2015-07-01
2015-01-27,0,False,2015-01-03,2015-07-01
2015-01-28,0,False,2015-01-03,2015-07-01
2015-01-29,34,False,2015-01-03,2015-07-01
2015-01-30,0,False,2015-01-03,2015-07-01
2015-01-31,0,False,2015-01-03,2015-07-01
2015-02-01,38,False,2015-01-03,2015-07-01
2015-02-02,0,False,2015-01-03,2015-07-01
2015-02-03,0,False,2015-01-03,2015-07-01
2015-02-04,0,False,2015-01-03,2015-07-01
2015-02-05,33,False,2015-01-03,2015-07-01
2015-02-06,0,False,2015-01-03,2015-07-01
2015-02-07,0,False,2015-01-03,2015-07-01
2015-02-08,0,False,2015-01-03,2015-07-01
2015-02-09,33,False,2015-01-03,2015-07-01
2015-02-10,0,False,2015-01-03,2015-07-01
2015-02-11,0,False,2015-01-03,2015-07-01
2015-02-12,0,False,2015-01-03,2015-07-01
2015-02-13,0,False,2015-01-03,2015-07-01
2015-02-14,0,False,2015-01-03,2015-07-01
2015-02-15,41,False,2015-01-03,2015-07-01
2015-02-16,35,False,2015-01-03,2015-07-01
2015-02-17,35,False,2015-01-03,2015-07-01
2015-02-18,34,False,2015-01-03,2015-07-01
2015-02-19,0,False,2015-01-03,2015-07-01
2015-02-20,0,False,2015-01-03,2015-07-01
2015-02-21,0,False,2015-01-03,2015-07-01
2015-02-22,0,False,2015-01-03,2015-07-01
2015-02-23,0,False,2015-01-03,2015-07-01
2015-02-24,66,False,2015-01-03,2015-07-01
2015-02-25,0,False,2015-01-03,2015-07-01
2015-02-26,0,False,2015-01-03,2015-07-01
2015-02-27,0,False,2015-01-03,2015-07-01
2015-02-28,0,False,2015-01-03,2015-07-01
2015-03-01,0,False,2015-01-03,2015-07-01
2015-03-02,0,False,2015-01-03,2015-07-01
2015-03-03,33,False,2015-01-03,2015-07-01
2015-03-04,33,False,2015-01-03,2015-07-01
2015-03-05,0,False,2015-01-03,2015-07-01
2015-03-06,0,False,2015-01-03,2015-07-01
2015-03-07,40,False,2015-01-03,2015-07-01
2015-03-08,39,False,2015-01-03,2015-07-01
2015-03-09,0,False,2015-01-03,2015-07-01
2015-03-10,33,False,2015-01-03,2015-07-01
2015-03-11,0,False,2015-01-03,2015-07-01
2015-03-12,34,False,2015-01-03,2015-07-01
2015-03-13,35,False,2015-01-03,2015-07-01
2015-03-14,78,False,2015-01-03,2015-07-01
2015-03-15,0,False,2015-01-03,2015-07-01
2015-03-16,0,False,2015-01-03,2015-07-01
2015-03-17,0,False,2015-01-03,2015-07-01
2015-03-18,0,False,2015-01-03,2015-07-01
2015-03-19,0,False,2015-01-03,2015-07-01
2015-03-20,0,False,2015-01-03,2015-07-01
2015-03-21,0,False,2015-01-03,2015-07-01
2015-03-22,0,False,2015-01-03,2015-07-01
2015-03-23,33,False,2015-01-03,2015-07-01
2015-03-24,0,False,2015-01-03,2015-07-01
2015-03-25,0,False,2015-01-03,2015-07-01
2015-03-26,0,False,2015-01-03,2015-07-01
2015-03-27,34,False,2015-01-03,2015-07-01
2015-03-28,0,False,2015-01-03,2015-07-01
2015-03-29,0,False,2015-01-03,2015-07-01
2015-03-30,0,False,2015-01-03,2015-07-01
2015-03-31,33,False,2015-01-03,2015-07-01
2015-04-01,34,False,2015-01-03,2015-07-01
2015-04-02,0,False,2015-01-03,2015-07-01
2015-04-03,0,False,2015-01-03,2015-07-01
2015-04-04,0,False,2015-01-03,2015-07-01
2015-04-05,0,False,2015-01-03,2015-07-01
2015-04-06,35,False,2015-01-03,2015-07-01
2015-04-07,0,False,2015-01-03,2015-07-01
2015-04-08,0,False,2015-01-03,2015-07-01
2015-04-09,0,False,2015-01-03,2015-07-01
2015-04-10,71,False,2015-01-03,2015-07-01
2015-04-11,0,False,2015-01-03,2015-07-01
2015-04-12,79,False,2015-01-03,2015-07-01
2015-04-13,0,False,2015-01-03,2015-07-01
2015-04-14,33,False,2015-01-03,2015-07-01
2015-04-15,33,False,2015-01-03,2015-07-01
2015-04-16,0,False,2015-01-03,2015-07-01
2015-04-17,35,False,2015-01-03,2015-07-01
2015-04-18,0,False,2015-01-03,2015-07-01
2015-04-19,0,False,2015-01-03,2015-07-01
2015-04-20,0,False,2015-01-03,2015-07-01
2015-04-21,0,False,2015-01-03,2015-07-01
2015-04-22,33,False,2015-01-03,2015-07-01
2015-04-23,0,False,2015-01-03,2015-07-01
2015-04-24,0,False,2015-01-03,2015-07-01
2015-04-25,0,False,2015-01-03,2015-07-01
2015-04-26,39,False,2015-01-03,2015-07-01
2015-04-27,0,False,2015-01-03,2015-07-01
2015-04-28,33,False,2015-01-03,2015-07-01
2015-04-29,33,False,2015-01-03,2015-07-01
2015-04-30,34,False,2015-01-03,2015-07-01
2015-05-01,0,False,2015-01-03,2015-07-01
2015-05-02,0,False,2015-01-03,2015-07-01
2015-05-03,0,False,2015-01-03,2015-07-01
2015-05-04,0,False,2015-01-03,2015-07-01
2015-05-05,0,False,2015-01-03,2015-07-01
2015-05-06,0,False,2015-01-03,2015-07-01
2015-05-07,0,False,2015-01-03,2015-07-01
2015-05-08,35,False,2015-01-03,2015-07-01
2015-05-09,0,False,2015-01-03,2015-07-01
2015-05-10,0,False,2015-01-03,2015-07-01
2015-05-11,0,False,2015-01-03,2015-07-01
2015-05-12,0,False,2015-01-03,2015-07-01
2015-05-13,0,False,2015-01-03,2015-07-01
2015-05-14,0,False,2015-01-03,2015-07-01
2015-05-15,0,False,2015-01-03,2015-07-01
2015-05-16,0,False,2015-01-03,2015-07-01
2015-05-17,0,False,2015-01-03,2015-07-01
2015-05-18,0,False,2015-01-03,2015-07-01
2015-05-19,33,False,2015-01-03,2015-07-01
2015-05-20,0,False,2015-01-03,2015-07-01
2015-05-21,0,False,2015-01-03,2015-07-01
2015-05-22,0,False,2015-01-03,2015-07-01
2015-05-23,40,False,2015-01-03,2015-07-01
2015-05-24,0,False,2015-01-03,2015-07-01
2015-05-25,34,False,2015-01-03,2015-07-01
2015-05-26,0,False,2015-01-03,2015-07-01
2015-05-27,0,False,2015-01-03,2015-07-01
2015-05-28,0,False,2015-01-03,2015-07-01
2015-05-29,0,False,2015-01-03,2015-07-01
2015-05-30,39,False,2015-01-03,2015-07-01
2015-05-31,0,False,2015-01-03,2015-07-01
2015-06-01,0,False,2015-01-03,2015-07-01
2015-06-02,0,False,2015-01-03,2015-07-01
2015-06-03,33,False,2015-01-03,2015-07-01
2015-06-04,34,False,2015-01-03,2015-07-01
2015-06-05,0,False,2015-01-03,2015-07-01
2015-06-06,0,False,2015-01-03,2015-07-01
2015-06-07,0,False,2015-01-03,2015-07-01
2015-06-08,33,False,2015-01-03,2015-07-01
2015-06-09,33,False,2015-01-03,2015-07-01
2015-06-10,0,False,2015-01-03,2015-07-01
2015-06-11,33,False,2015-01-03,2015-07-01
2015-06-12,0,False,2015-01-03,2015-07-01
2015-06-13,0,False,2015-01-03,2015-07-01
2015-06-14,0,False,2015-01-03,2015-07-01
2015-06-15,0,False,2015-01-03,2015-07-01
2015-06-16,33,False,2015-01-03,2015-07-01
2015-06-17,33,False,2015-01-03,2015-07-01
2015-06-18,100,False,2015-01-03,2015-07-01
2015-06-19,69,False,2015-01-03,2015-07-01
2015-06-20,0,False,2015-01-03,2015-07-01
2015-06-21,0,False,2015-01-03,2015-07-01
2015-06-22,0,False,2015-01-03,2015-07-01
2015-06-23,0,False,2015-01-03,2015-07-01
2015-06-24,0,False,2015-01-03,2015-07-01
2015-06-25,0,False,2015-01-03,2015-07-01
2015-06-26,0,False,2015-01-03,2015-07-01
2015-06-27,0,False,2015-01-03,2015-07-01
2015-06-28,0,False,2015-01-03,2015-07-01
2015-06-29,67,False,2015-01-03,2015-07-01
2015-06-30,66,False,2015-01-03,2015-07-01
2015-07-01,34,False,2015-01-03,2015-07-01
2015-01-04,0,False,2015-01-04,2015-07-02
2015-01-05,69,False,2015-01-04,2015-07-02
2015-01-06,0,False,2015-01-04,2015-07-02
2015-01-07,0,False,2015-01-04,2015-07-02
2015-01-08,0,False,2015-01-04,2015-07-02
2015-01-09,0,False,2015-01-04,2015-07-02
2015-01-10,0,False,2015-01-04,2015-07-02
2015-01-11,0,False,2015-01-04,2015-07-02
2015-01-12,0,False,2015-01-04,2015-07-02
2015-01-13,0,False,2015-01-04,2015-07-02
2015-01-14,34,False,2015-01-04,2015-07-02
2015-01-15,34,False,2015-01-04,2015-07-02
2015-01-16,35,False,2015-01-04,2015-07-02
2015-01-17,0,False,2015-01-04,2015-07-02
2015-01-18,0,False,2015-01-04,2015-07-02
2015-01-19,0,False,2015-01-04,2015-07-02
2015-01-20,0,False,2015-01-04,2015-07-02
2015-01-21,0,False,2015-01-04,2015-07-02
2015-01-22,0,False,2015-01-04,2015-07-02
2015-01-23,0,False,2015-01-04,2015-07-02
2015-01-24,0,False,2015-01-04,2015-07-02
2015-01-25,0,False,2015-01-04,2015-07-02
2015-01-26,0,False,2015-01-04,2015-07-02
2015-01-27,0,False,2015-01-04,2015-07-02
2015-01-28,98,False,2015-01-04,2015-07-02
2015-01-29,0,False,2015-01-04,2015-07-02
2015-01-30,0,False,2015-01-04,2015-07-02
2015-01-31,0,False,2015-01-04,2015-07-02
2015-02-01,38,False,2015-01-04,2015-07-02
2015-02-02,0,False,2015-01-04,2015-07-02
2015-02-03,33,False,2015-01-04,2015-07-02
2015-02-04,33,False,2015-01-04,2015-07-02
2015-02-05,34,False,2015-01-04,2015-07-02
2015-02-06,35,False,2015-01-04,2015-07-02
2015-02-07,0,False,2015-01-04,2015-07-02
2015-02-08,0,False,2015-01-04,2015-07-02
2015-02-09,33,False,2015-01-04,2015-07-02
2015-02-10,0,False,2015-01-04,2015-07-02
2015-02-11,0,False,2015-01-04,2015-07-02
2015-02-12,0,False,2015-01-04,2015-07-02
2015-02-13,0,False,2015-01-04,2015-07-02
2015-02-14,0,False,2015-01-04,2015-07-02
2015-02-15,40,False,2015-01-04,2015-07-02
2015-02-16,0,False,2015-01-04,2015-07-02
2015-02-17,34,False,2015-01-04,2015-07-02
2015-02-18,34,False,2015-01-04,2015-07-02
2015-02-19,34,False,2015-01-04,2015-07-02
2015-02-20,0,False,2015-01-04,2015-07-02
2015-02-21,0,False,2015-01-04,2015-07-02
2015-02-22,0,False,2015-01-04,2015-07-02
2015-02-23,0,False,2015-01-04,2015-07-02
2015-02-24,33,False,2015-01-04,2015-07-02
2015-02-25,0,False,2015-01-04,2015-07-02
2015-02-26,0,False,2015-01-04,2015-07-02
2015-02-27,0,False,2015-01-04,2015-07-02
2015-02-28,0,False,2015-01-04,2015-07-02
2015-03-01,0,False,2015-01-04,2015-07-02
2015-03-02,32,False,2015-01-04,2015-07-02
2015-03-03,32,False,2015-01-04,2015-07-02
2015-03-04,33,False,2015-01-04,2015-07-02
2015-03-05,0,False,2015-01-04,2015-07-02
2015-03-06,35,False,2015-01-04,2015-07-02
2015-03-07,39,False,2015-01-04,2015-07-02
2015-03-08,38,False,2015-01-04,2015-07-02
2015-03-09,0,False,2015-01-04,2015-07-02
2015-03-10,0,False,2015-01-04,2015-07-02
2015-03-11,0,False,2015-01-04,2015-07-02
2015-03-12,0,False,2015-01-04,2015-07-02
2015-03-13,0,False,2015-01-04,2015-07-02
2015-03-14,0,False,2015-01-04,2015-07-02
2015-03-15,0,False,2015-01-04,2015-07-02
2015-03-16,0,False,2015-01-04,2015-07-02
2015-03-17,0,False,2015-01-04,2015-07-02
2015-03-18,0,False,2015-01-04,2015-07-02
2015-03-19,0,False,2015-01-04,2015-07-02
2015-03-20,0,False,2015-01-04,2015-07-02
2015-03-21,0,False,2015-01-04,2015-07-02
2015-03-22,0,False,2015-01-04,2015-07-02
2015-03-23,0,False,2015-01-04,2015-07-02
2015-03-24,0,False,2015-01-04,2015-07-02
2015-03-25,0,False,2015-01-04,2015-07-02
2015-03-26,0,False,2015-01-04,2015-07-02
2015-03-27,34,False,2015-01-04,2015-07-02
2015-03-28,42,False,2015-01-04,2015-07-02
2015-03-29,0,False,2015-01-04,2015-07-02
2015-03-30,33,False,2015-01-04,2015-07-02
2015-03-31,33,False,2015-01-04,2015-07-02
2015-04-01,34,False,2015-01-04,2015-07-02
2015-04-02,0,False,2015-01-04,2015-07-02
2015-04-03,0,False,2015-01-04,2015-07-02
2015-04-04,0,False,2015-01-04,2015-07-02
2015-04-05,40,False,2015-01-04,2015-07-02
2015-04-06,35,False,2015-01-04,2015-07-02
2015-04-07,0,False,2015-01-04,2015-07-02
2015-04-08,0,False,2015-01-04,2015-07-02
2015-04-09,0,False,2015-01-04,2015-07-02
2015-04-10,35,False,2015-01-04,2015-07-02
2015-04-11,0,False,2015-01-04,2015-07-02
2015-04-12,39,False,2015-01-04,2015-07-02
2015-04-13,33,False,2015-01-04,2015-07-02
2015-04-14,0,False,2015-01-04,2015-07-02
2015-04-15,33,False,2015-01-04,2015-07-02
2015-04-16,0,False,2015-01-04,2015-07-02
2015-04-17,0,False,2015-01-04,2015-07-02
2015-04-18,0,False,2015-01-04,2015-07-02
2015-04-19,0,False,2015-01-04,2015-07-02
2015-04-20,0,False,2015-01-04,2015-07-02
2015-04-21,0,False,2015-01-04,2015-07-02
2015-04-22,0,False,2015-01-04,2015-07-02
2015-04-23,0,False,2015-01-04,2015-07-02
2015-04-24,34,False,2015-01-04,2015-07-02
2015-04-25,0,False,2015-01-04,2015-07-02
2015-04-26,39,False,2015-01-04,2015-07-02
2015-04-27,0,False,2015-01-04,2015-07-02
2015-04-28,0,False,2015-01-04,2015-07-02
2015-04-29,0,False,2015-01-04,2015-07-02
2015-04-30,0,False,2015-01-04,2015-07-02
2015-05-01,0,False,2015-01-04,2015-07-02
2015-05-02,0,False,2015-01-04,2015-07-02
2015-05-03,0,False,2015-01-04,2015-07-02
2015-05-04,0,False,2015-01-04,2015-07-02
2015-05-05,0,False,2015-01-04,2015-07-02
2015-05-06,0,False,2015-01-04,2015-07-02
2015-05-07,0,False,2015-01-04,2015-07-02
2015-05-08,0,False,2015-01-04,2015-07-02
2015-05-09,0,False,2015-01-04,2015-07-02
2015-05-10,0,False,2015-01-04,2015-07-02
2015-05-11,0,False,2015-01-04,2015-07-02
2015-05-12,0,False,2015-01-04,2015-07-02
2015-05-13,33,False,2015-01-04,2015-07-02
2015-05-14,0,False,2015-01-04,2015-07-02
2015-05-15,0,False,2015-01-04,2015-07-02
2015-05-16,0,False,2015-01-04,2015-07-02
2015-05-17,38,False,2015-01-04,2015-07-02
2015-05-18,0,False,2015-01-04,2015-07-02
2015-05-19,32,False,2015-01-04,2015-07-02
2015-05-20,0,False,2015-01-04,2015-07-02
2015-05-21,0,False,2015-01-04,2015-07-02
2015-05-22,0,False,2015-01-04,2015-07-02
2015-05-23,0,False,2015-01-04,2015-07-02
2015-05-24,0,False,2015-01-04,2015-07-02
2015-05-25,34,False,2015-01-04,2015-07-02
2015-05-26,0,False,2015-01-04,2015-07-02
2015-05-27,0,False,2015-01-04,2015-07-02
2015-05-28,0,False,2015-01-04,2015-07-02
2015-05-29,0,False,2015-01-04,2015-07-02
2015-05-30,79,False,2015-01-04,2015-07-02
2015-05-31,0,False,2015-01-04,2015-07-02
2015-06-01,0,False,2015-01-04,2015-07-02
2015-06-02,0,False,2015-01-04,2015-07-02
2015-06-03,0,False,2015-01-04,2015-07-02
2015-06-04,0,False,2015-01-04,2015-07-02
2015-06-05,0,False,2015-01-04,2015-07-02
2015-06-06,40,False,2015-01-04,2015-07-02
2015-06-07,0,False,2015-01-04,2015-07-02
2015-06-08,32,False,2015-01-04,2015-07-02
2015-06-09,0,False,2015-01-04,2015-07-02
2015-06-10,0,False,2015-01-04,2015-07-02
2015-06-11,33,False,2015-01-04,2015-07-02
2015-06-12,0,False,2015-01-04,2015-07-02
2015-06-13,0,False,2015-01-04,2015-07-02
2015-06-14,0,False,2015-01-04,2015-07-02
2015-06-15,0,False,2015-01-04,2015-07-02
2015-06-16,33,False,2015-01-04,2015-07-02
2015-06-17,32,False,2015-01-04,2015-07-02
2015-06-18,33,False,2015-01-04,2015-07-02
2015-06-19,35,False,2015-01-04,2015-07-02
2015-06-20,0,False,2015-01-04,2015-07-02
2015-06-21,0,False,2015-01-04,2015-07-02
2015-06-22,0,False,2015-01-04,2015-07-02
2015-06-23,0,False,2015-01-04,2015-07-02
2015-06-24,33,False,2015-01-04,2015-07-02
2015-06-25,0,False,2015-01-04,2015-07-02
2015-06-26,35,False,2015-01-04,2015-07-02
2015-06-27,0,False,2015-01-04,2015-07-02
2015-06-28,0,False,2015-01-04,2015-07-02
2015-06-29,66,False,2015-01-04,2015-07-02
2015-06-30,0,False,2015-01-04,2015-07-02
2015-07-01,100,False,2015-01-04,2015-07-02
2015-07-02,0,False,2015-01-04,2015-07-02
2015-01-05,44,False,2015-01-05,2015-07-03
2015-01-06,44,False,2015-01-05,2015-07-03
2015-01-07,0,False,2015-01-05,2015-07-03
2015-01-08,0,False,2015-01-05,2015-07-03
2015-01-09,0,False,2015-01-05,2015-07-03
2015-01-10,50,False,2015-01-05,2015-07-03
2015-01-11,0,False,2015-01-05,2015-07-03
2015-01-12,0,False,2015-01-05,2015-07-03
2015-01-13,0,False,2015-01-05,2015-07-03
2015-01-14,85,False,2015-01-05,2015-07-03
2015-01-15,42,False,2015-01-05,2015-07-03
2015-01-16,0,False,2015-01-05,2015-07-03
2015-01-17,50,False,2015-01-05,2015-07-03
2015-01-18,0,False,2015-01-05,2015-07-03
2015-01-19,43,False,2015-01-05,2015-07-03
2015-01-20,0,False,2015-01-05,2015-07-03
2015-01-21,42,False,2015-01-05,2015-07-03
2015-01-22,0,False,2015-01-05,2015-07-03
2015-01-23,0,False,2015-01-05,2015-07-03
2015-01-24,0,False,2015-01-05,2015-07-03
2015-01-25,0,False,2015-01-05,2015-07-03
2015-01-26,0,False,2015-01-05,2015-07-03
2015-01-27,0,False,2015-01-05,2015-07-03
2015-01-28,42,False,2015-01-05,2015-07-03
2015-01-29,42,False,2015-01-05,2015-07-03
2015-01-30,0,False,2015-01-05,2015-07-03
2015-01-31,0,False,2015-01-05,2015-07-03
2015-02-01,49,False,2015-01-05,2015-07-03
2015-02-02,0,False,2015-01-05,2015-07-03
2015-02-03,41,False,2015-01-05,2015-07-03
2015-02-04,0,False,2015-01-05,2015-07-03
2015-02-05,0,False,2015-01-05,2015-07-03
2015-02-06,0,False,2015-01-05,2015-07-03
2015-02-07,0,False,2015-01-05,2015-07-03
2015-02-08,0,False,2015-01-05,2015-07-03
2015-02-09,0,False,2015-01-05,2015-07-03
2015-02-10,0,False,2015-01-05,2015-07-03
2015-02-11,0,False,2015-01-05,2015-07-03
2015-02-12,0,False,2015-01-05,2015-07-03
2015-02-13,44,False,2015-01-05,2015-07-03
2015-02-14,0,False,2015-01-05,2015-07-03
2015-02-15,50,False,2015-01-05,2015-07-03
2015-02-16,43,False,2015-01-05,2015-07-03
2015-02-17,43,False,2015-01-05,2015-07-03
2015-02-18,0,False,2015-01-05,2015-07-03
2015-02-19,85,False,2015-01-05,2015-07-03
2015-02-20,0,False,2015-01-05,2015-07-03
2015-02-21,0,False,2015-01-05,2015-07-03
2015-02-22,0,False,2015-01-05,2015-07-03
2015-02-23,0,False,2015-01-05,2015-07-03
2015-02-24,82,False,2015-01-05,2015-07-03
2015-02-25,0,False,2015-01-05,2015-07-03
2015-02-26,0,False,2015-01-05,2015-07-03
2015-02-27,0,False,2015-01-05,2015-07-03
2015-02-28,0,False,2015-01-05,2015-07-03
2015-03-01,0,False,2015-01-05,2015-07-03
2015-03-02,0,False,2015-01-05,2015-07-03
2015-03-03,83,False,2015-01-05,2015-07-03
2015-03-04,41,False,2015-01-05,2015-07-03
2015-03-05,0,False,2015-01-05,2015-07-03
2015-03-06,0,False,2015-01-05,2015-07-03
2015-03-07,0,False,2015-01-05,2015-07-03
2015-03-08,49,False,2015-01-05,2015-07-03
2015-03-09,0,False,2015-01-05,2015-07-03
2015-03-10,0,False,2015-01-05,2015-07-03
2015-03-11,0,False,2015-01-05,2015-07-03
2015-03-12,42,False,2015-01-05,2015-07-03
2015-03-13,44,False,2015-01-05,2015-07-03
2015-03-14,0,False,2015-01-05,2015-07-03
2015-03-15,0,False,2015-01-05,2015-07-03
2015-03-16,0,False,2015-01-05,2015-07-03
2015-03-17,0,False,2015-01-05,2015-07-03
2015-03-18,0,False,2015-01-05,2015-07-03
2015-03-19,0,False,2015-01-05,2015-07-03
2015-03-20,0,False,2015-01-05,2015-07-03
2015-03-21,49,False,2015-01-05,2015-07-03
2015-03-22,0,False,2015-01-05,2015-07-03
2015-03-23,0,False,2015-01-05,2015-07-03
2015-03-24,0,False,2015-01-05,2015-07-03
2015-03-25,0,False,2015-01-05,2015-07-03
2015-03-26,0,False,2015-01-05,2015-07-03
2015-03-27,43,False,2015-01-05,2015-07-03
2015-03-28,0,False,2015-01-05,2015-07-03
2015-03-29,0,False,2015-01-05,2015-07-03
2015-03-30,0,False,2015-01-05,2015-07-03
2015-03-31,0,False,2015-01-05,2015-07-03
2015-04-01,42,False,2015-01-05,2015-07-03
2015-04-02,0,False,2015-01-05,2015-07-03
2015-04-03,0,False,2015-01-05,2015-07-03
2015-04-04,0,False,2015-01-05,2015-07-03
2015-04-05,52,False,2015-01-05,2015-07-03
2015-04-06,0,False,2015-01-05,2015-07-03
2015-04-07,0,False,2015-01-05,2015-07-03
2015-04-08,0,False,2015-01-05,2015-07-03
2015-04-09,0,False,2015-01-05,2015-07-03
2015-04-10,44,False,2015-01-05,2015-07-03
2015-04-11,0,False,2015-01-05,2015-07-03
2015-04-12,50,False,2015-01-05,2015-07-03
2015-04-13,0,False,2015-01-05,2015-07-03
2015-04-14,0,False,2015-01-05,2015-07-03
2015-04-15,42,False,2015-01-05,2015-07-03
2015-04-16,0,False,2015-01-05,2015-07-03
2015-04-17,44,False,2015-01-05,2015-07-03
2015-04-18,0,False,2015-01-05,2015-07-03
2015-04-19,0,False,2015-01-05,2015-07-03
2015-04-20,0,False,2015-01-05,2015-07-03
2015-04-21,0,False,2015-01-05,2015-07-03
2015-04-22,0,False,2015-01-05,2015-07-03
2015-04-23,0,False,2015-01-05,2015-07-03
2015-04-24,43,False,2015-01-05,2015-07-03
2015-04-25,0,False,2015-01-05,2015-07-03
2015-04-26,49,False,2015-01-05,2015-07-03
2015-04-27,0,False,2015-01-05,2015-07-03
2015-04-28,0,False,2015-01-05,2015-07-03
2015-04-29,0,False,2015-01-05,2015-07-03
2015-04-30,43,False,2015-01-05,2015-07-03
2015-05-01,0,False,2015-01-05,2015-07-03
2015-05-02,0,False,2015-01-05,2015-07-03
2015-05-03,0,False,2015-01-05,2015-07-03
2015-05-04,0,False,2015-01-05,2015-07-03
2015-05-05,0,False,2015-01-05,2015-07-03
2015-05-06,0,False,2015-01-05,2015-07-03
2015-05-07,0,False,2015-01-05,2015-07-03
2015-05-08,44,False,2015-01-05,2015-07-03
2015-05-09,100,False,2015-01-05,2015-07-03
2015-05-10,0,False,2015-01-05,2015-07-03
2015-05-11,0,False,2015-01-05,2015-07-03
2015-05-12,0,False,2015-01-05,2015-07-03
2015-05-13,0,False,2015-01-05,2015-07-03
2015-05-14,0,False,2015-01-05,2015-07-03
2015-05-15,44,False,2015-01-05,2015-07-03
2015-05-16,0,False,2015-01-05,2015-07-03
2015-05-17,0,False,2015-01-05,2015-07-03
2015-05-18,0,False,2015-01-05,2015-07-03
2015-05-19,0,False,2015-01-05,2015-07-03
2015-05-20,0,False,2015-01-05,2015-07-03
2015-05-21,0,False,2015-01-05,2015-07-03
2015-05-22,0,False,2015-01-05,2015-07-03
2015-05-23,0,False,2015-01-05,2015-07-03
2015-05-24,0,False,2015-01-05,2015-07-03
2015-05-25,43,False,2015-01-05,2015-07-03
2015-05-26,0,False,2015-01-05,2015-07-03
2015-05-27,0,False,2015-01-05,2015-07-03
2015-05-28,0,False,2015-01-05,2015-07-03
2015-05-29,0,False,2015-01-05,2015-07-03
2015-05-30,100,False,2015-01-05,2015-07-03
2015-05-31,0,False,2015-01-05,2015-07-03
2015-06-01,0,False,2015-01-05,2015-07-03
2015-06-02,0,False,2015-01-05,2015-07-03
2015-06-03,41,False,2015-01-05,2015-07-03
2015-06-04,0,False,2015-01-05,2015-07-03
2015-06-05,0,False,2015-01-05,2015-07-03
2015-06-06,100,False,2015-01-05,2015-07-03
2015-06-07,0,False,2015-01-05,2015-07-03
2015-06-08,41,False,2015-01-05,2015-07-03
2015-06-09,41,False,2015-01-05,2015-07-03
2015-06-10,0,False,2015-01-05,2015-07-03
2015-06-11,42,False,2015-01-05,2015-07-03
2015-06-12,43,False,2015-01-05,2015-07-03
2015-06-13,0,False,2015-01-05,2015-07-03
2015-06-14,0,False,2015-01-05,2015-07-03
2015-06-15,0,False,2015-01-05,2015-07-03
2015-06-16,41,False,2015-01-05,2015-07-03
2015-06-17,0,False,2015-01-05,2015-07-03
2015-06-18,42,False,2015-01-05,2015-07-03
2015-06-19,0,False,2015-01-05,2015-07-03
2015-06-20,0,False,2015-01-05,2015-07-03
2015-06-21,0,False,2015-01-05,2015-07-03
2015-06-22,0,False,2015-01-05,2015-07-03
2015-06-23,0,False,2015-01-05,2015-07-03
2015-06-24,0,False,2015-01-05,2015-07-03
2015-06-25,0,False,2015-01-05,2015-07-03
2015-06-26,0,False,2015-01-05,2015-07-03
2015-06-27,0,False,2015-01-05,2015-07-03
2015-06-28,0,False,2015-01-05,2015-07-03
2015-06-29,42,False,2015-01-05,2015-07-03
2015-06-30,0,False,2015-01-05,2015-07-03
2015-07-01,42,False,2015-01-05,2015-07-03
2015-07-02,0,False,2015-01-05,2015-07-03
2015-07-03,0,False,2015-01-05,2015-07-03
